<?xml version = '1.0' encoding = 'UTF-8'?>
<Entity class="oracle.dbtools.crest.model.design.logical.Entity" directorySegmentName="seg_0" id="0AF564F0-475A-B54C-955F-2B8225BC2FB2" name="CONTATO_PACIENTE">
<createdBy>logonrmlocal</createdBy>
<createdTime>2024-04-11 14:15:59 UTC</createdTime>
<ownerDesignName>CK_dataModel</ownerDesignName>
<engineerTo>
<item key="061549E8-9DD3-EA15-5776-607D194BD43C" value="true"/>
</engineerTo>
<adequatelyNormalized>NO</adequatelyNormalized>
<expectedVolumes>0</expectedVolumes>
<fwdEngineeringStrategyName>Single Table</fwdEngineeringStrategyName>
<growthPercent>0</growthPercent>
<growthType>Year</growthType>
<maxVolumes>9999999</maxVolumes>
<minVolumes>0</minVolumes>
<normalForm>Third</normalForm>
<attributes itemClass="oracle.dbtools.crest.model.design.logical.Attribute">
<Attribute name="nr_cpf_paciente" id="CE5557B0-8D74-7DF5-E867-63F47A57A912">
<createdBy>logonrmlocal</createdBy>
<createdTime>2024-04-11 14:19:52 UTC</createdTime>
<generatorID>CC60A194-8DED-80A3-4467-40BA9E558289</generatorID>
<ownerDesignName>CK_dataModel</ownerDesignName>
<engineerTo>
<item key="061549E8-9DD3-EA15-5776-607D194BD43C" value="true"/>
</engineerTo>
<referedAttribute>04B24BF8-9782-CB2E-5BFC-3B6DE231B902</referedAttribute>
<useDomainConstraints>false</useDomainConstraints>
<use>1</use>
<logicalDatatype>LOGDT024</logicalDatatype>
<dataTypeSize>11</dataTypeSize>
<ownDataTypeParameters>,,</ownDataTypeParameters>
</Attribute>
<Attribute name="telefone_paciente" id="DE3D0CBB-228E-98D0-1777-A9E832F924BD">
<createdBy>logonrmlocal</createdBy>
<createdTime>2024-04-11 14:17:15 UTC</createdTime>
<ownerDesignName>CK_dataModel</ownerDesignName>
<engineerTo>
<item key="061549E8-9DD3-EA15-5776-607D194BD43C" value="true"/>
</engineerTo>
<use>0</use>
<ownDataTypeParameters>,,</ownDataTypeParameters>
</Attribute>
<Attribute name="email_paciente" id="A4062A1F-877E-4864-C2D3-9A94D37E166C">
<createdBy>logonrmlocal</createdBy>
<createdTime>2024-04-11 14:16:28 UTC</createdTime>
<ownerDesignName>CK_dataModel</ownerDesignName>
<engineerTo>
<item key="061549E8-9DD3-EA15-5776-607D194BD43C" value="true"/>
</engineerTo>
<use>0</use>
<ownDataTypeParameters>,,</ownDataTypeParameters>
</Attribute>
</attributes>
<identifiers itemClass="oracle.dbtools.crest.model.design.logical.CandidateKey">
<identifier id="389FD7A9-FF25-B7E1-DAC1-D4039AB3C512" name="CONTATO_PACIENTE PK">
<createdBy>logonrmlocal</createdBy>
<createdTime>2024-04-11 14:18:54 UTC</createdTime>
<ownerDesignName>CK_dataModel</ownerDesignName>
<engineerTo>
<item key="061549E8-9DD3-EA15-5776-607D194BD43C" value="true"/>
</engineerTo>
<pk>true</pk>
<usedAttributes>
<attributeRef>CE5557B0-8D74-7DF5-E867-63F47A57A912</attributeRef>
<attributeRef>DE3D0CBB-228E-98D0-1777-A9E832F924BD</attributeRef>
</usedAttributes>
</identifier>
</identifiers>
</Entity>