<?xml version = '1.0' encoding = 'UTF-8'?>
<Entity class="oracle.dbtools.crest.model.design.logical.Entity" directorySegmentName="seg_0" id="229C9ADE-0C84-7CE8-1EEF-A44D14A59B40" name="PESSOA">
<createdBy>logonrmlocal</createdBy>
<createdTime>2024-04-11 13:41:11 UTC</createdTime>
<ownerDesignName>CK_dataModel</ownerDesignName>
<engineerTo>
<item key="061549E8-9DD3-EA15-5776-607D194BD43C" value="true"/>
</engineerTo>
<adequatelyNormalized>NO</adequatelyNormalized>
<expectedVolumes>0</expectedVolumes>
<fwdEngineeringStrategyName>Single Table</fwdEngineeringStrategyName>
<growthPercent>0</growthPercent>
<growthType>Year</growthType>
<maxVolumes>9999999</maxVolumes>
<minVolumes>0</minVolumes>
<normalForm>Third</normalForm>
<attributes itemClass="oracle.dbtools.crest.model.design.logical.Attribute">
<Attribute name="nr_cpf_paciente" id="04B24BF8-9782-CB2E-5BFC-3B6DE231B902">
<createdBy>logonrmlocal</createdBy>
<createdTime>2024-04-11 13:41:54 UTC</createdTime>
<ownerDesignName>CK_dataModel</ownerDesignName>
<engineerTo>
<item key="061549E8-9DD3-EA15-5776-607D194BD43C" value="true"/>
</engineerTo>
<useDomainConstraints>false</useDomainConstraints>
<use>1</use>
<logicalDatatype>LOGDT024</logicalDatatype>
<dataTypeSize>11</dataTypeSize>
<ownDataTypeParameters>11,,</ownDataTypeParameters>
</Attribute>
<Attribute name="nm_completo_paciente" id="8EF99DA5-7EDE-4F87-4EE6-ED12E0F42C58">
<createdBy>logonrmlocal</createdBy>
<createdTime>2024-04-11 13:41:24 UTC</createdTime>
<ownerDesignName>CK_dataModel</ownerDesignName>
<engineerTo>
<item key="061549E8-9DD3-EA15-5776-607D194BD43C" value="true"/>
</engineerTo>
<useDomainConstraints>false</useDomainConstraints>
<use>1</use>
<logicalDatatype>LOGDT024</logicalDatatype>
<dataTypeSize>150</dataTypeSize>
<ownDataTypeParameters>150,,</ownDataTypeParameters>
</Attribute>
<Attribute name="dt_nascimento_paciente" id="BF52ED6D-0C9B-AD63-38D5-2BB044BCCC42">
<createdBy>logonrmlocal</createdBy>
<createdTime>2024-04-11 13:44:59 UTC</createdTime>
<ownerDesignName>CK_dataModel</ownerDesignName>
<engineerTo>
<item key="061549E8-9DD3-EA15-5776-607D194BD43C" value="true"/>
</engineerTo>
<useDomainConstraints>false</useDomainConstraints>
<use>1</use>
<logicalDatatype>LOGDT007</logicalDatatype>
<ownDataTypeParameters>,,</ownDataTypeParameters>
</Attribute>
<Attribute name="sexo_paciente" id="D823C177-66FD-6794-3D03-4799D1B3C2EB">
<createdBy>logonrmlocal</createdBy>
<createdTime>2024-04-11 13:46:02 UTC</createdTime>
<ownerDesignName>CK_dataModel</ownerDesignName>
<engineerTo>
<item key="061549E8-9DD3-EA15-5776-607D194BD43C" value="true"/>
</engineerTo>
<useDomainConstraints>false</useDomainConstraints>
<use>1</use>
<logicalDatatype>LOGDT024</logicalDatatype>
<dataTypeSize>10</dataTypeSize>
<ownDataTypeParameters>10,,</ownDataTypeParameters>
</Attribute>
<Attribute name="escolaridade_paciente" id="8C435A30-4E6C-F8D0-3D91-06774E7B63AA">
<createdBy>logonrmlocal</createdBy>
<createdTime>2024-04-11 13:46:45 UTC</createdTime>
<ownerDesignName>CK_dataModel</ownerDesignName>
<engineerTo>
<item key="061549E8-9DD3-EA15-5776-607D194BD43C" value="true"/>
</engineerTo>
<useDomainConstraints>false</useDomainConstraints>
<use>1</use>
<logicalDatatype>LOGDT024</logicalDatatype>
<dataTypeSize>150</dataTypeSize>
<ownDataTypeParameters>150,,</ownDataTypeParameters>
</Attribute>
<Attribute name="estado_civil_paciente" id="FF85FEBA-08D4-C4F9-3DE3-C979049AFCFC">
<createdBy>logonrmlocal</createdBy>
<createdTime>2024-04-11 13:48:08 UTC</createdTime>
<ownerDesignName>CK_dataModel</ownerDesignName>
<engineerTo>
<item key="061549E8-9DD3-EA15-5776-607D194BD43C" value="true"/>
</engineerTo>
<useDomainConstraints>false</useDomainConstraints>
<use>1</use>
<logicalDatatype>LOGDT024</logicalDatatype>
<dataTypeSize>15</dataTypeSize>
<ownDataTypeParameters>15,,</ownDataTypeParameters>
</Attribute>
<Attribute name="grupo_sanguineo_paciente" id="4270746E-3289-9D37-6578-7F63423308E3">
<createdBy>logonrmlocal</createdBy>
<createdTime>2024-04-11 13:50:19 UTC</createdTime>
<ownerDesignName>CK_dataModel</ownerDesignName>
<engineerTo>
<item key="061549E8-9DD3-EA15-5776-607D194BD43C" value="true"/>
</engineerTo>
<useDomainConstraints>false</useDomainConstraints>
<use>1</use>
<logicalDatatype>LOGDT024</logicalDatatype>
<dataTypeSize>3</dataTypeSize>
<ownDataTypeParameters>3,,</ownDataTypeParameters>
</Attribute>
<Attribute name="altura" id="90D475EA-16FE-3E86-A505-9D4C01834FB2">
<createdBy>logonrmlocal</createdBy>
<createdTime>2024-04-11 13:51:07 UTC</createdTime>
<ownerDesignName>CK_dataModel</ownerDesignName>
<engineerTo>
<item key="061549E8-9DD3-EA15-5776-607D194BD43C" value="true"/>
</engineerTo>
<useDomainConstraints>false</useDomainConstraints>
<use>1</use>
<logicalDatatype>LOGDT019</logicalDatatype>
<dataTypePrecision>2</dataTypePrecision>
<dataTypeScale>3</dataTypeScale>
<ownDataTypeParameters>,2,3</ownDataTypeParameters>
</Attribute>
<Attribute name="peso_paciente" id="67876BF1-3553-0BF6-A243-ADA89930E8F4">
<createdBy>logonrmlocal</createdBy>
<createdTime>2024-04-11 13:52:38 UTC</createdTime>
<ownerDesignName>CK_dataModel</ownerDesignName>
<engineerTo>
<item key="061549E8-9DD3-EA15-5776-607D194BD43C" value="true"/>
</engineerTo>
<useDomainConstraints>false</useDomainConstraints>
<use>1</use>
<logicalDatatype>LOGDT019</logicalDatatype>
<dataTypePrecision>2</dataTypePrecision>
<dataTypeScale>3</dataTypeScale>
<ownDataTypeParameters>,2,3</ownDataTypeParameters>
</Attribute>
<Attribute name="email_paciente" id="DC1FC1D2-D03B-669F-1F05-AC52279F433C">
<createdBy>logonrmlocal</createdBy>
<createdTime>2024-04-11 13:53:34 UTC</createdTime>
<ownerDesignName>CK_dataModel</ownerDesignName>
<engineerTo>
<item key="061549E8-9DD3-EA15-5776-607D194BD43C" value="true"/>
</engineerTo>
<nullsAllowed>true</nullsAllowed>
<useDomainConstraints>false</useDomainConstraints>
<use>1</use>
<logicalDatatype>LOGDT024</logicalDatatype>
<dataTypeSize>150</dataTypeSize>
<ownDataTypeParameters>150,,</ownDataTypeParameters>
</Attribute>
<Attribute name="telefone_paciente" id="23687A62-A64E-D4DB-DCDF-D63DFD9DE97F">
<createdBy>logonrmlocal</createdBy>
<createdTime>2024-04-11 13:54:31 UTC</createdTime>
<ownerDesignName>CK_dataModel</ownerDesignName>
<engineerTo>
<item key="061549E8-9DD3-EA15-5776-607D194BD43C" value="true"/>
</engineerTo>
<nullsAllowed>true</nullsAllowed>
<useDomainConstraints>false</useDomainConstraints>
<use>1</use>
<logicalDatatype>LOGDT024</logicalDatatype>
<dataTypeSize>14</dataTypeSize>
<ownDataTypeParameters>14,,</ownDataTypeParameters>
</Attribute>
</attributes>
<identifiers itemClass="oracle.dbtools.crest.model.design.logical.CandidateKey">
<identifier id="63E489AD-ED61-6323-EEFD-60804762F77B" name="PESSOA PK">
<createdBy>logonrmlocal</createdBy>
<createdTime>2024-04-11 13:42:45 UTC</createdTime>
<ownerDesignName>CK_dataModel</ownerDesignName>
<engineerTo>
<item key="061549E8-9DD3-EA15-5776-607D194BD43C" value="true"/>
</engineerTo>
<pk>true</pk>
<usedAttributes>
<attributeRef>04B24BF8-9782-CB2E-5BFC-3B6DE231B902</attributeRef>
</usedAttributes>
</identifier>
</identifiers>
</Entity>