<?xml version = '1.0' encoding = 'UTF-8'?>
<Entity class="oracle.dbtools.crest.model.design.logical.Entity" directorySegmentName="seg_0" id="34DB8ADE-35CB-960B-B50B-4DE894D062A5" name="PLANO_DE_SAUDE">
<createdBy>logonrmlocal</createdBy>
<createdTime>2024-04-11 14:28:54 UTC</createdTime>
<ownerDesignName>CK_dataModel</ownerDesignName>
<engineerTo>
<item key="061549E8-9DD3-EA15-5776-607D194BD43C" value="true"/>
</engineerTo>
<adequatelyNormalized>NO</adequatelyNormalized>
<expectedVolumes>0</expectedVolumes>
<fwdEngineeringStrategyName>Single Table</fwdEngineeringStrategyName>
<growthPercent>0</growthPercent>
<growthType>Year</growthType>
<maxVolumes>9999999</maxVolumes>
<minVolumes>0</minVolumes>
<normalForm>Third</normalForm>
<attributes itemClass="oracle.dbtools.crest.model.design.logical.Attribute">
<Attribute name="razao_social" id="4615D340-0913-84A0-7E12-BEAD0F35A5DC">
<createdBy>logonrmlocal</createdBy>
<createdTime>2024-04-11 14:29:33 UTC</createdTime>
<ownerDesignName>CK_dataModel</ownerDesignName>
<engineerTo>
<item key="061549E8-9DD3-EA15-5776-607D194BD43C" value="true"/>
</engineerTo>
<useDomainConstraints>false</useDomainConstraints>
<use>1</use>
<logicalDatatype>LOGDT024</logicalDatatype>
<dataTypeSize>15</dataTypeSize>
<ownDataTypeParameters>15,,</ownDataTypeParameters>
</Attribute>
<Attribute name="nome_fantasia" id="FC78B0AD-293B-A494-A278-4B37BD7689CE">
<createdBy>logonrmlocal</createdBy>
<createdTime>2024-04-11 14:29:05 UTC</createdTime>
<ownerDesignName>CK_dataModel</ownerDesignName>
<engineerTo>
<item key="061549E8-9DD3-EA15-5776-607D194BD43C" value="true"/>
</engineerTo>
<useDomainConstraints>false</useDomainConstraints>
<use>1</use>
<logicalDatatype>LOGDT024</logicalDatatype>
<dataTypeSize>60</dataTypeSize>
<ownDataTypeParameters>60,,</ownDataTypeParameters>
</Attribute>
<Attribute name="cnpj" id="296369F8-D8F4-7758-7B82-0A840982A762">
<createdBy>logonrmlocal</createdBy>
<createdTime>2024-04-11 14:30:20 UTC</createdTime>
<ownerDesignName>CK_dataModel</ownerDesignName>
<engineerTo>
<item key="061549E8-9DD3-EA15-5776-607D194BD43C" value="true"/>
</engineerTo>
<useDomainConstraints>false</useDomainConstraints>
<use>1</use>
<logicalDatatype>LOGDT024</logicalDatatype>
<dataTypeSize>15</dataTypeSize>
<ownDataTypeParameters>15,,</ownDataTypeParameters>
</Attribute>
<Attribute name="contato" id="177381FF-D18B-05AF-0861-7632469D4E22">
<createdBy>logonrmlocal</createdBy>
<createdTime>2024-04-11 14:30:38 UTC</createdTime>
<ownerDesignName>CK_dataModel</ownerDesignName>
<engineerTo>
<item key="061549E8-9DD3-EA15-5776-607D194BD43C" value="true"/>
</engineerTo>
<useDomainConstraints>false</useDomainConstraints>
<use>1</use>
<logicalDatatype>LOGDT024</logicalDatatype>
<dataTypeSize>15</dataTypeSize>
<ownDataTypeParameters>15,,</ownDataTypeParameters>
</Attribute>
<Attribute name="telefoe" id="C359B752-153F-5379-7691-E67DFAFFB143">
<createdBy>logonrmlocal</createdBy>
<createdTime>2024-04-11 14:31:35 UTC</createdTime>
<ownerDesignName>CK_dataModel</ownerDesignName>
<engineerTo>
<item key="061549E8-9DD3-EA15-5776-607D194BD43C" value="true"/>
</engineerTo>
<useDomainConstraints>false</useDomainConstraints>
<use>1</use>
<logicalDatatype>LOGDT024</logicalDatatype>
<dataTypeSize>15</dataTypeSize>
<ownDataTypeParameters>15,,</ownDataTypeParameters>
</Attribute>
</attributes>
<identifiers itemClass="oracle.dbtools.crest.model.design.logical.CandidateKey">
<identifier id="1BDF9190-2884-5E30-F1F6-1E561CBAF0EC" name="PLANO_DE_SAUDE PK">
<createdBy>logonrmlocal</createdBy>
<createdTime>2024-04-11 14:29:30 UTC</createdTime>
<ownerDesignName>CK_dataModel</ownerDesignName>
<engineerTo>
<item key="061549E8-9DD3-EA15-5776-607D194BD43C" value="true"/>
</engineerTo>
<pk>true</pk>
<usedAttributes>
<attributeRef>4615D340-0913-84A0-7E12-BEAD0F35A5DC</attributeRef>
</usedAttributes>
</identifier>
</identifiers>
</Entity>