<?xml version = '1.0' encoding = 'UTF-8'?>
<Entity class="oracle.dbtools.crest.model.design.logical.Entity" directorySegmentName="seg_0" id="709E3294-8596-8B47-A23F-4C2940B0D7FE" name="PESSOA_PLANO">
<createdBy>logonrmlocal</createdBy>
<createdTime>2024-04-11 14:34:05 UTC</createdTime>
<ownerDesignName>CK_dataModel</ownerDesignName>
<engineerTo>
<item key="061549E8-9DD3-EA15-5776-607D194BD43C" value="true"/>
</engineerTo>
<adequatelyNormalized>NO</adequatelyNormalized>
<expectedVolumes>0</expectedVolumes>
<fwdEngineeringStrategyName>Single Table</fwdEngineeringStrategyName>
<growthPercent>0</growthPercent>
<growthType>Year</growthType>
<maxVolumes>9999999</maxVolumes>
<minVolumes>0</minVolumes>
<normalForm>Third</normalForm>
<attributes itemClass="oracle.dbtools.crest.model.design.logical.Attribute">
<Attribute name="id_relacao" id="3F52FD82-1D33-A48D-B327-D40B6FE1AB45">
<createdBy>logonrmlocal</createdBy>
<createdTime>2024-04-11 14:38:04 UTC</createdTime>
<ownerDesignName>CK_dataModel</ownerDesignName>
<engineerTo>
<item key="061549E8-9DD3-EA15-5776-607D194BD43C" value="true"/>
</engineerTo>
<use>0</use>
<ownDataTypeParameters>,,</ownDataTypeParameters>
</Attribute>
<Attribute name="nr_cpf_paciente" id="E10BFEEF-D9ED-0B7C-F558-F09C9B335CC0">
<createdBy>logonrmlocal</createdBy>
<createdTime>2024-04-11 14:38:24 UTC</createdTime>
<generatorID>51E7DBE8-FB6D-9D41-AF61-33985FA48836</generatorID>
<ownerDesignName>CK_dataModel</ownerDesignName>
<engineerTo>
<item key="061549E8-9DD3-EA15-5776-607D194BD43C" value="true"/>
</engineerTo>
<referedAttribute>04B24BF8-9782-CB2E-5BFC-3B6DE231B902</referedAttribute>
<useDomainConstraints>false</useDomainConstraints>
<use>1</use>
<logicalDatatype>LOGDT024</logicalDatatype>
<dataTypeSize>11</dataTypeSize>
<ownDataTypeParameters>,,</ownDataTypeParameters>
</Attribute>
<Attribute name="razao_social" id="BB9E3616-6AF6-3373-EA61-0BA7F837DE9A">
<createdBy>logonrmlocal</createdBy>
<createdTime>2024-04-11 14:38:29 UTC</createdTime>
<generatorID>2B4AE435-AA60-6E6E-2121-F7BB59553E98</generatorID>
<ownerDesignName>CK_dataModel</ownerDesignName>
<engineerTo>
<item key="061549E8-9DD3-EA15-5776-607D194BD43C" value="true"/>
</engineerTo>
<referedAttribute>4615D340-0913-84A0-7E12-BEAD0F35A5DC</referedAttribute>
<useDomainConstraints>false</useDomainConstraints>
<use>1</use>
<logicalDatatype>LOGDT024</logicalDatatype>
<dataTypeSize>15</dataTypeSize>
<ownDataTypeParameters>,,</ownDataTypeParameters>
</Attribute>
<Attribute name="data_inicio" id="D6783A1F-8381-1DD6-34E0-8F6BF3319FAC">
<createdBy>logonrmlocal</createdBy>
<createdTime>2024-04-11 14:37:18 UTC</createdTime>
<ownerDesignName>CK_dataModel</ownerDesignName>
<engineerTo>
<item key="061549E8-9DD3-EA15-5776-607D194BD43C" value="true"/>
</engineerTo>
<use>0</use>
<ownDataTypeParameters>,,</ownDataTypeParameters>
</Attribute>
<Attribute name="data_termino" id="28B433E3-1875-DD09-32A6-C61AC11AE9FF">
<createdBy>logonrmlocal</createdBy>
<createdTime>2024-04-11 14:37:33 UTC</createdTime>
<ownerDesignName>CK_dataModel</ownerDesignName>
<engineerTo>
<item key="061549E8-9DD3-EA15-5776-607D194BD43C" value="true"/>
</engineerTo>
<nullsAllowed>true</nullsAllowed>
<use>0</use>
<ownDataTypeParameters>,,</ownDataTypeParameters>
</Attribute>
</attributes>
<identifiers itemClass="oracle.dbtools.crest.model.design.logical.CandidateKey">
<identifier id="E52A9E5D-AF73-172F-0A83-CA8BF4D98061" name="PESSOA_PLANO PK">
<createdBy>logonrmlocal</createdBy>
<createdTime>2024-04-11 14:38:12 UTC</createdTime>
<ownerDesignName>CK_dataModel</ownerDesignName>
<engineerTo>
<item key="061549E8-9DD3-EA15-5776-607D194BD43C" value="true"/>
</engineerTo>
<pk>true</pk>
<usedAttributes>
<attributeRef>3F52FD82-1D33-A48D-B327-D40B6FE1AB45</attributeRef>
<attributeRef>E10BFEEF-D9ED-0B7C-F558-F09C9B335CC0</attributeRef>
<attributeRef>BB9E3616-6AF6-3373-EA61-0BA7F837DE9A</attributeRef>
</usedAttributes>
</identifier>
</identifiers>
</Entity>