<?xml version = '1.0' encoding = 'UTF-8'?>
<Entity class="oracle.dbtools.crest.model.design.logical.Entity" directorySegmentName="seg_0" id="D564B525-A9DC-9259-F1F8-9FB0EE63E2B2" name="TELEFONE_ATIVO_INATIVO">
<createdBy>logonrmlocal</createdBy>
<createdTime>2024-04-11 13:56:21 UTC</createdTime>
<ownerDesignName>CK_dataModel</ownerDesignName>
<engineerTo>
<item key="061549E8-9DD3-EA15-5776-607D194BD43C" value="true"/>
</engineerTo>
<adequatelyNormalized>NO</adequatelyNormalized>
<expectedVolumes>0</expectedVolumes>
<fwdEngineeringStrategyName>Single Table</fwdEngineeringStrategyName>
<growthPercent>0</growthPercent>
<growthType>Year</growthType>
<maxVolumes>9999999</maxVolumes>
<minVolumes>0</minVolumes>
<normalForm>Third</normalForm>
<attributes itemClass="oracle.dbtools.crest.model.design.logical.Attribute">
<Attribute name="telefone_paciente" id="9C7032B2-D42F-4AF9-427D-C00FC1E984CB">
<createdBy>logonrmlocal</createdBy>
<createdTime>2024-04-11 14:21:09 UTC</createdTime>
<generatorID>D1A59729-3213-DEA0-E90A-6A063D60DBE5</generatorID>
<ownerDesignName>CK_dataModel</ownerDesignName>
<engineerTo>
<item key="061549E8-9DD3-EA15-5776-607D194BD43C" value="true"/>
</engineerTo>
<referedAttribute>DE3D0CBB-228E-98D0-1777-A9E832F924BD</referedAttribute>
<use>0</use>
<ownDataTypeParameters>,,</ownDataTypeParameters>
</Attribute>
<Attribute name="nr_cpf_paciente" id="F46FF4EF-91D2-1793-09C3-D6811B982DB9">
<createdBy>logonrmlocal</createdBy>
<createdTime>2024-04-11 14:19:52 UTC</createdTime>
<generatorID>D1A59729-3213-DEA0-E90A-6A063D60DBE5</generatorID>
<ownerDesignName>CK_dataModel</ownerDesignName>
<engineerTo>
<item key="061549E8-9DD3-EA15-5776-607D194BD43C" value="true"/>
</engineerTo>
<referedAttribute>CE5557B0-8D74-7DF5-E867-63F47A57A912</referedAttribute>
<useDomainConstraints>false</useDomainConstraints>
<use>1</use>
<logicalDatatype>LOGDT024</logicalDatatype>
<dataTypeSize>11</dataTypeSize>
<ownDataTypeParameters>,,</ownDataTypeParameters>
</Attribute>
<Attribute name="telefone_ativo" id="AB670176-EC65-E3C4-CE7A-029BB6B62217">
<createdBy>logonrmlocal</createdBy>
<createdTime>2024-04-11 13:56:36 UTC</createdTime>
<ownerDesignName>CK_dataModel</ownerDesignName>
<engineerTo>
<item key="061549E8-9DD3-EA15-5776-607D194BD43C" value="true"/>
</engineerTo>
<useDomainConstraints>false</useDomainConstraints>
<use>1</use>
<logicalDatatype>LOGDT024</logicalDatatype>
<dataTypeSize>14</dataTypeSize>
<ownDataTypeParameters>14,,</ownDataTypeParameters>
</Attribute>
<Attribute name="telefone_inativo" id="DA6BF5C4-AF7C-CF42-8458-6012365A53EF">
<createdBy>logonrmlocal</createdBy>
<createdTime>2024-04-11 13:57:26 UTC</createdTime>
<ownerDesignName>CK_dataModel</ownerDesignName>
<engineerTo>
<item key="061549E8-9DD3-EA15-5776-607D194BD43C" value="true"/>
</engineerTo>
<useDomainConstraints>false</useDomainConstraints>
<use>1</use>
<logicalDatatype>LOGDT024</logicalDatatype>
<dataTypeSize>14</dataTypeSize>
<ownDataTypeParameters>14,,</ownDataTypeParameters>
</Attribute>
</attributes>
<identifiers itemClass="oracle.dbtools.crest.model.design.logical.CandidateKey">
<identifier id="7358B115-71C0-07D1-CB0F-D95F7DD61588" name="TELEFONE_ATIVO_INATIVO PK">
<createdBy>logonrmlocal</createdBy>
<createdTime>2024-04-11 14:19:16 UTC</createdTime>
<ownerDesignName>CK_dataModel</ownerDesignName>
<engineerTo>
<item key="061549E8-9DD3-EA15-5776-607D194BD43C" value="true"/>
</engineerTo>
<pk>true</pk>
<usedAttributes>
<attributeRef>9C7032B2-D42F-4AF9-427D-C00FC1E984CB</attributeRef>
</usedAttributes>
</identifier>
</identifiers>
</Entity>