<?xml version = '1.0' encoding = 'UTF-8'?>
<Entity class="oracle.dbtools.crest.model.design.logical.Entity" directorySegmentName="seg_0" id="F13B2C29-FDC9-DD5E-D501-DBA8DD626EFB" name="CONTATOS_EMERGENCIA">
<createdBy>logonrmlocal</createdBy>
<createdTime>2024-04-11 14:00:23 UTC</createdTime>
<ownerDesignName>CK_dataModel</ownerDesignName>
<engineerTo>
<item key="061549E8-9DD3-EA15-5776-607D194BD43C" value="true"/>
</engineerTo>
<adequatelyNormalized>NO</adequatelyNormalized>
<expectedVolumes>0</expectedVolumes>
<fwdEngineeringStrategyName>Single Table</fwdEngineeringStrategyName>
<growthPercent>0</growthPercent>
<growthType>Year</growthType>
<maxVolumes>9999999</maxVolumes>
<minVolumes>0</minVolumes>
<normalForm>Third</normalForm>
<attributes itemClass="oracle.dbtools.crest.model.design.logical.Attribute">
<Attribute name="nr_cpf_paciente" id="088D267E-1753-5C57-CCCA-5BC18C8880C7">
<createdBy>logonrmlocal</createdBy>
<createdTime>2024-04-11 14:22:27 UTC</createdTime>
<generatorID>00030B1B-B5B0-CD96-1BFF-E64E09BA3C5A</generatorID>
<ownerDesignName>CK_dataModel</ownerDesignName>
<engineerTo>
<item key="061549E8-9DD3-EA15-5776-607D194BD43C" value="true"/>
</engineerTo>
<referedAttribute>04B24BF8-9782-CB2E-5BFC-3B6DE231B902</referedAttribute>
<useDomainConstraints>false</useDomainConstraints>
<use>1</use>
<logicalDatatype>LOGDT024</logicalDatatype>
<dataTypeSize>11</dataTypeSize>
<ownDataTypeParameters>,,</ownDataTypeParameters>
</Attribute>
<Attribute name="nome_contato" id="124B3172-11DF-B1FC-529D-63E7E86E798A">
<createdBy>logonrmlocal</createdBy>
<createdTime>2024-04-11 14:11:07 UTC</createdTime>
<ownerDesignName>CK_dataModel</ownerDesignName>
<engineerTo>
<item key="061549E8-9DD3-EA15-5776-607D194BD43C" value="true"/>
</engineerTo>
<useDomainConstraints>false</useDomainConstraints>
<use>1</use>
<logicalDatatype>LOGDT024</logicalDatatype>
<dataTypeSize>150</dataTypeSize>
<ownDataTypeParameters>150,,</ownDataTypeParameters>
</Attribute>
<Attribute name="telefone_contato" id="26B98E7B-B796-8052-8418-5A54A0A79629">
<createdBy>logonrmlocal</createdBy>
<createdTime>2024-04-11 14:11:47 UTC</createdTime>
<ownerDesignName>CK_dataModel</ownerDesignName>
<engineerTo>
<item key="061549E8-9DD3-EA15-5776-607D194BD43C" value="true"/>
</engineerTo>
<useDomainConstraints>false</useDomainConstraints>
<use>1</use>
<logicalDatatype>LOGDT024</logicalDatatype>
<dataTypeSize>14</dataTypeSize>
<ownDataTypeParameters>14,,</ownDataTypeParameters>
</Attribute>
<Attribute name="tipo_contato" id="284B5AA4-4550-B4BD-11A5-24458CFC45FE">
<createdBy>logonrmlocal</createdBy>
<createdTime>2024-04-11 14:12:32 UTC</createdTime>
<ownerDesignName>CK_dataModel</ownerDesignName>
<engineerTo>
<item key="061549E8-9DD3-EA15-5776-607D194BD43C" value="true"/>
</engineerTo>
<useDomainConstraints>false</useDomainConstraints>
<use>1</use>
<logicalDatatype>LOGDT024</logicalDatatype>
<dataTypeSize>150</dataTypeSize>
<ownDataTypeParameters>150,,</ownDataTypeParameters>
</Attribute>
</attributes>
<identifiers itemClass="oracle.dbtools.crest.model.design.logical.CandidateKey">
<identifier id="D1BE4B10-0BBF-7D82-802E-4082C2130B66" name="CONTATOS_EMERGENCIA PK">
<createdBy>logonrmlocal</createdBy>
<createdTime>2024-04-11 14:11:41 UTC</createdTime>
<ownerDesignName>CK_dataModel</ownerDesignName>
<engineerTo>
<item key="061549E8-9DD3-EA15-5776-607D194BD43C" value="true"/>
</engineerTo>
<pk>true</pk>
<usedAttributes>
<attributeRef>124B3172-11DF-B1FC-529D-63E7E86E798A</attributeRef>
<attributeRef>088D267E-1753-5C57-CCCA-5BC18C8880C7</attributeRef>
</usedAttributes>
</identifier>
</identifiers>
</Entity>