<?xml version = '1.0' encoding = 'UTF-8'?>
<Relation class="oracle.dbtools.crest.model.design.logical.Relation" name="PESSOA_CONTATO_EMERGENCIA" directorySegmentName="seg_0" id="00030B1B-B5B0-CD96-1BFF-E64E09BA3C5A">
<createdBy>logonrmlocal</createdBy>
<createdTime>2024-04-11 14:22:27 UTC</createdTime>
<ownerDesignName>CK_dataModel</ownerDesignName>
<engineerTo>
<item key="061549E8-9DD3-EA15-5776-607D194BD43C" value="true"/>
</engineerTo>
<sourcePk>63E489AD-ED61-6323-EEFD-60804762F77B</sourcePk>
<identifying>true</identifying>
<optionalSource>false</optionalSource>
<optionalTarget>false</optionalTarget>
<sourceCardinality>1</sourceCardinality>
<sourceEntity>229C9ADE-0C84-7CE8-1EEF-A44D14A59B40</sourceEntity>
<targetCardinalityString>*</targetCardinalityString>
<targetEntity>F13B2C29-FDC9-DD5E-D501-DBA8DD626EFB</targetEntity>
<transferable>true</transferable>
<deleteRule>NO ACTION</deleteRule>
</Relation>