<?xml version = '1.0' encoding = 'UTF-8'?>
<Relation class="oracle.dbtools.crest.model.design.logical.Relation" name="Relation_9" directorySegmentName="seg_0" id="2B4AE435-AA60-6E6E-2121-F7BB59553E98">
<createdBy>logonrmlocal</createdBy>
<createdTime>2024-04-11 14:38:29 UTC</createdTime>
<ownerDesignName>CK_dataModel</ownerDesignName>
<engineerTo>
<item key="061549E8-9DD3-EA15-5776-607D194BD43C" value="true"/>
</engineerTo>
<sourcePk>1BDF9190-2884-5E30-F1F6-1E561CBAF0EC</sourcePk>
<identifying>true</identifying>
<optionalSource>true</optionalSource>
<optionalTarget>false</optionalTarget>
<sourceCardinality>1</sourceCardinality>
<sourceEntity>34DB8ADE-35CB-960B-B50B-4DE894D062A5</sourceEntity>
<targetCardinalityString>*</targetCardinalityString>
<targetEntity>709E3294-8596-8B47-A23F-4C2940B0D7FE</targetEntity>
<transferable>true</transferable>
<deleteRule>NO ACTION</deleteRule>
</Relation>