<?xml version = '1.0' encoding = 'UTF-8'?>
<Relation class="oracle.dbtools.crest.model.design.logical.Relation" name="Relation_8" directorySegmentName="seg_0" id="51E7DBE8-FB6D-9D41-AF61-33985FA48836">
<createdBy>logonrmlocal</createdBy>
<createdTime>2024-04-11 14:38:24 UTC</createdTime>
<ownerDesignName>CK_dataModel</ownerDesignName>
<engineerTo>
<item key="061549E8-9DD3-EA15-5776-607D194BD43C" value="true"/>
</engineerTo>
<sourcePk>63E489AD-ED61-6323-EEFD-60804762F77B</sourcePk>
<identifying>true</identifying>
<optionalSource>true</optionalSource>
<optionalTarget>false</optionalTarget>
<sourceCardinality>1</sourceCardinality>
<sourceEntity>229C9ADE-0C84-7CE8-1EEF-A44D14A59B40</sourceEntity>
<targetCardinalityString>*</targetCardinalityString>
<targetEntity>709E3294-8596-8B47-A23F-4C2940B0D7FE</targetEntity>
<transferable>true</transferable>
<deleteRule>NO ACTION</deleteRule>
</Relation>