<?xml version = '1.0' encoding = 'UTF-8'?>
<Relation class="oracle.dbtools.crest.model.design.logical.Relation" name="PACIENTE_ENDERECO" directorySegmentName="seg_0" id="96231B0C-2B15-33CE-4CB9-2E20532C86CF">
<createdBy>logonrmlocal</createdBy>
<createdTime>2024-04-11 14:24:40 UTC</createdTime>
<ownerDesignName>CK_dataModel</ownerDesignName>
<engineerTo>
<item key="061549E8-9DD3-EA15-5776-607D194BD43C" value="true"/>
</engineerTo>
<sourcePk>63E489AD-ED61-6323-EEFD-60804762F77B</sourcePk>
<identifying>true</identifying>
<optionalSource>true</optionalSource>
<optionalTarget>false</optionalTarget>
<sourceCardinality>1</sourceCardinality>
<sourceEntity>229C9ADE-0C84-7CE8-1EEF-A44D14A59B40</sourceEntity>
<targetCardinalityString>*</targetCardinalityString>
<targetEntity>25A18880-D73C-DC31-6A30-7C2200E5E227</targetEntity>
<transferable>true</transferable>
<deleteRule>NO ACTION</deleteRule>
</Relation>