<?xml version = '1.0' encoding = 'UTF-8'?>
<Relation class="oracle.dbtools.crest.model.design.logical.Relation" name="Relation_5" directorySegmentName="seg_0" id="CC60A194-8DED-80A3-4467-40BA9E558289">
<createdBy>logonrmlocal</createdBy>
<createdTime>2024-04-11 14:19:52 UTC</createdTime>
<ownerDesignName>CK_dataModel</ownerDesignName>
<engineerTo>
<item key="061549E8-9DD3-EA15-5776-607D194BD43C" value="true"/>
</engineerTo>
<sourcePk>63E489AD-ED61-6323-EEFD-60804762F77B</sourcePk>
<identifying>true</identifying>
<optionalSource>true</optionalSource>
<optionalTarget>false</optionalTarget>
<sourceCardinality>1</sourceCardinality>
<sourceEntity>229C9ADE-0C84-7CE8-1EEF-A44D14A59B40</sourceEntity>
<targetCardinalityString>*</targetCardinalityString>
<targetEntity>0AF564F0-475A-B54C-955F-2B8225BC2FB2</targetEntity>
<transferable>true</transferable>
<deleteRule>NO ACTION</deleteRule>
</Relation>