<?xml version = '1.0' encoding = 'UTF-8'?>
<Relation class="oracle.dbtools.crest.model.design.logical.Relation" name="Relation_4" directorySegmentName="seg_0" id="D1A59729-3213-DEA0-E90A-6A063D60DBE5">
<createdBy>logonrmlocal</createdBy>
<createdTime>2024-04-11 14:19:06 UTC</createdTime>
<ownerDesignName>CK_dataModel</ownerDesignName>
<engineerTo>
<item key="061549E8-9DD3-EA15-5776-607D194BD43C" value="true"/>
</engineerTo>
<sourcePk>389FD7A9-FF25-B7E1-DAC1-D4039AB3C512</sourcePk>
<identifying>false</identifying>
<optionalSource>true</optionalSource>
<optionalTarget>false</optionalTarget>
<sourceCardinality>1</sourceCardinality>
<sourceEntity>0AF564F0-475A-B54C-955F-2B8225BC2FB2</sourceEntity>
<targetCardinalityString>1</targetCardinalityString>
<targetEntity>D564B525-A9DC-9259-F1F8-9FB0EE63E2B2</targetEntity>
<transferable>true</transferable>
<deleteRule>NO ACTION</deleteRule>
</Relation>