<?xml version = '1.0' encoding = 'UTF-8'?>
<relationalModel class="oracle.dbtools.crest.model.design.relational.RelationalDesign" name="Relational_1" id="061549E8-9DD3-EA15-5776-607D194BD43C" mainViewID="765E6D62-4DF3-8EE6-4FC3-07AA969D913D">
<createdBy>logonrmlocal</createdBy>
<createdTime>2024-04-11 13:38:16 UTC</createdTime>
<ownerDesignName>CK_dataModel</ownerDesignName>
<shouldBeOpen>false</shouldBeOpen>
<selectedRDBMSSite>32076570-2523-435C-2E92-BF29817DFF70</selectedRDBMSSite>
</relationalModel>