<?xml version = '1.0' encoding = 'UTF-8'?>
<Diagram class="oracle.dbtools.crest.swingui.logical.DPVLogical" name="Logical" id="4AA27817-CB61-0DCE-A044-ADE64928673C">
<createdBy>logonrmlocal</createdBy>
<modifiedBy>logonrmlocal</modifiedBy>
<createdTime>2024-04-11 13:41:11 UTC</createdTime>
<autoRoute>false</autoRoute>
<boxInbox>true</boxInbox>
<showLegend>false</showLegend>
<showLabels>false</showLabels>
<showRelAttributes>false</showRelAttributes>
<gridEnabled>false</gridEnabled>
<showGrid>false</showGrid>
<diagramColor>-1</diagramColor>
<display>false</display>
<notation>2</notation>
<objectViews>
<OView class="oracle.dbtools.crest.swingui.logical.TVEntity" oid="0AF564F0-475A-B54C-955F-2B8225BC2FB2" otype="Entity" vid="FB66C0A4-18DA-F14C-37A7-365DE35E0A2B">
<hideElementsInCurrentOnly>false</hideElementsInCurrentOnly>
<bounds x="42" y="23" width="272" height="112"/>
</OView>
<OView class="oracle.dbtools.crest.swingui.logical.TVEntity" oid="229C9ADE-0C84-7CE8-1EEF-A44D14A59B40" otype="Entity" vid="59CA1899-756B-A170-A44B-3363AFFE6E3A">
<hideElementsInCurrentOnly>false</hideElementsInCurrentOnly>
<bounds x="389" y="26" width="264" height="217"/>
</OView>
<OView class="oracle.dbtools.crest.swingui.logical.TVEntity" oid="25A18880-D73C-DC31-6A30-7C2200E5E227" otype="Entity" vid="DD34C4ED-AD98-3C21-E9BB-A345ED71FD33">
<hideElementsInCurrentOnly>false</hideElementsInCurrentOnly>
<bounds x="136" y="349" width="285" height="175"/>
</OView>
<OView class="oracle.dbtools.crest.swingui.logical.TVEntity" oid="34DB8ADE-35CB-960B-B50B-4DE894D062A5" otype="Entity" vid="1CC0ABC9-0A53-5E8D-A2FF-3A21ABFB1FCA">
<hideElementsInCurrentOnly>false</hideElementsInCurrentOnly>
<bounds x="1071" y="46" width="248" height="141"/>
</OView>
<OView class="oracle.dbtools.crest.swingui.logical.TVEntity" oid="709E3294-8596-8B47-A23F-4C2940B0D7FE" otype="Entity" vid="51D4464D-D11E-7780-FDBD-316E69809D7B">
<hideElementsInCurrentOnly>false</hideElementsInCurrentOnly>
<bounds x="699" y="43" width="340" height="160"/>
</OView>
<OView class="oracle.dbtools.crest.swingui.logical.TVEntity" oid="D564B525-A9DC-9259-F1F8-9FB0EE63E2B2" otype="Entity" vid="FC9F0A7A-4057-C324-941D-7F7C6E745466">
<hideElementsInCurrentOnly>false</hideElementsInCurrentOnly>
<bounds x="49" y="179" width="268" height="100"/>
</OView>
<OView class="oracle.dbtools.crest.swingui.logical.TVEntity" oid="F13B2C29-FDC9-DD5E-D501-DBA8DD626EFB" otype="Entity" vid="062DF698-AA15-B97F-89B2-7ED0E7674347">
<hideElementsInCurrentOnly>false</hideElementsInCurrentOnly>
<bounds x="461" y="353" width="248" height="127"/>
</OView>
</objectViews>
<connectors>
<Connector class="oracle.dbtools.crest.swingui.logical.TVRelation" oid="00030B1B-B5B0-CD96-1BFF-E64E09BA3C5A" otype="Relation" vid_source="59CA1899-756B-A170-A44B-3363AFFE6E3A" vid_target="062DF698-AA15-B97F-89B2-7ED0E7674347">
<hideElementsInCurrentOnly>false</hideElementsInCurrentOnly>
<backgroundColor>-16777216</backgroundColor>
<lineWidth>1</lineWidth>
<points>
<point x="557" y="243"/>
<point x="557" y="353"/>
</points>
</Connector>
<Connector class="oracle.dbtools.crest.swingui.logical.TVRelation" oid="2B4AE435-AA60-6E6E-2121-F7BB59553E98" otype="Relation" vid_source="1CC0ABC9-0A53-5E8D-A2FF-3A21ABFB1FCA" vid_target="51D4464D-D11E-7780-FDBD-316E69809D7B">
<hideElementsInCurrentOnly>false</hideElementsInCurrentOnly>
<backgroundColor>-16777216</backgroundColor>
<lineWidth>1</lineWidth>
<points>
<point x="1071" y="116"/>
<point x="1039" y="116"/>
</points>
</Connector>
<Connector class="oracle.dbtools.crest.swingui.logical.TVRelation" oid="51E7DBE8-FB6D-9D41-AF61-33985FA48836" otype="Relation" vid_source="59CA1899-756B-A170-A44B-3363AFFE6E3A" vid_target="51D4464D-D11E-7780-FDBD-316E69809D7B">
<hideElementsInCurrentOnly>false</hideElementsInCurrentOnly>
<backgroundColor>-16777216</backgroundColor>
<lineWidth>1</lineWidth>
<points>
<point x="653" y="123"/>
<point x="699" y="123"/>
</points>
</Connector>
<Connector class="oracle.dbtools.crest.swingui.logical.TVRelation" oid="96231B0C-2B15-33CE-4CB9-2E20532C86CF" otype="Relation" vid_source="59CA1899-756B-A170-A44B-3363AFFE6E3A" vid_target="DD34C4ED-AD98-3C21-E9BB-A345ED71FD33">
<hideElementsInCurrentOnly>false</hideElementsInCurrentOnly>
<backgroundColor>-16777216</backgroundColor>
<lineWidth>1</lineWidth>
<points>
<point x="405" y="243"/>
<point x="405" y="349"/>
</points>
</Connector>
<Connector class="oracle.dbtools.crest.swingui.logical.TVRelation" oid="CC60A194-8DED-80A3-4467-40BA9E558289" otype="Relation" vid_source="59CA1899-756B-A170-A44B-3363AFFE6E3A" vid_target="FB66C0A4-18DA-F14C-37A7-365DE35E0A2B">
<hideElementsInCurrentOnly>false</hideElementsInCurrentOnly>
<backgroundColor>-16777216</backgroundColor>
<lineWidth>1</lineWidth>
<points>
<point x="389" y="95"/>
<point x="314" y="95"/>
</points>
</Connector>
<Connector class="oracle.dbtools.crest.swingui.logical.TVRelation" oid="D1A59729-3213-DEA0-E90A-6A063D60DBE5" otype="Relation" vid_source="FB66C0A4-18DA-F14C-37A7-365DE35E0A2B" vid_target="FC9F0A7A-4057-C324-941D-7F7C6E745466">
<hideElementsInCurrentOnly>false</hideElementsInCurrentOnly>
<backgroundColor>-16777216</backgroundColor>
<lineWidth>1</lineWidth>
<points>
<point x="181" y="135"/>
<point x="181" y="179"/>
</points>
</Connector>
</connectors>
</Diagram>